{"calidad_precio":{"\u00c1frica":5.0080785154,"Ocean\u00eda":4.211814261,"Europa":4.0426979052,"Am\u00e9rica":3.6367932912}}